"id","ip_address"
"16","192.168.1.10/24"
"17","10.0.0.1/8"
"26","192.168.38.1/24"
"id","username","password","plain_password","roles"
"11","admin","$2y$13$13LveppfFhR7OIsgcsVexeglcnyS4AuHnnX1PA3bsXSyBYUf3PTEe","admin","[""ROLE_ADMIN""]"
"14","Sam","$2y$13$Kjn9Ibe9UW4NG0IMunq3Dejb.GvhY2clc0sIlfh.wXsN4WbkuwNSS","Sam","[""ROLE_USER""]"
"30","Test","$2y$13$JD27nMq2ojvx2t1agPp0Ru9mq.LQEZoOc7iarnZtKca4LryJyzE3m","Test","[""ROLE_USER""]"
"31","Rohit","$2y$13$vxjHHmUVgvO242wZJ66KcOCJdrz6w8zT5wCUkXQXyGOBU9fVDtTp6","Rohit","[""ROLE_ADMIN""]"
"32","Ramesh","$2y$13$bJjsiufgWytKq2QPNVzmROZSe9K.TpznSUz/5a7EQzla6UcvvAdCu","Ramesh","[""ROLE_USER""]"
"33","Ram","$2y$13$7V19OXQN4GnQ5sK3xurXAuHgUXNVSr.JldV2YEH9FgrUQXYApm7/W","Ram","[""ROLE_ADMIN""]"
"34","Mahadev","$2y$13$.vMhHoOALkskrW/53WL2XuiRiiKsspTdwWjE6AQZGuxezR6moXrz2","Mahadev","[""ROLE_USER""]"
"35","System","$2y$13$l3SWFHdyN/1kGwEmGI3YmOiqvCsUvhvqlkUeBsn5n7E8qfgDv2x3G","System","[""ROLE_ADMIN""]"
"36","Username","$2y$13$qpAXdJljELMhBtATBYkB.e3.sQeaaE1NySzhI31ICabPkdZo./oES","Password","[""ROLE_USER""]"
